Title,URL
"Lodge & Villas",https://lodgeatflyinghorse.com/lodge-villas/
Specials,https://lodgeatflyinghorse.com/specials/
Reservations,https://lodgeatflyinghorse.com/reservations/
About,https://lodgeatflyinghorse.com/about/
Home,https://lodgeatflyinghorse.com/
"Privacy Policy",https://lodgeatflyinghorse.com/privacy-policy/
Blog,https://lodgeatflyinghorse.com/blog/
"Photo Gallery",https://lodgeatflyinghorse.com/photo-gallery/
Dining,https://lodgeatflyinghorse.com/dining/
"Resort Amenities",https://lodgeatflyinghorse.com/resort-amenities/
"Real Estate",https://lodgeatflyinghorse.com/real-estate/
"Things To Do",https://lodgeatflyinghorse.com/thingstodo/
Testimonials,https://lodgeatflyinghorse.com/testimonials/
"Beautiful Rooms and Good Service",https://lodgeatflyinghorse.com/testimonial/beautiful-rooms-and-good-service/
"Everything You Need is There",https://lodgeatflyinghorse.com/testimonial/everything-you-need-is-there/
"The Property is Breathtaking",https://lodgeatflyinghorse.com/testimonial/the-property-is-breathtaking/
"Felt Exclusive Yet Casual",https://lodgeatflyinghorse.com/testimonial/felt-exclusive-yet-casual/
"Our Daughter&#8217;s Wedding Was So Special",https://lodgeatflyinghorse.com/testimonial/our-daughters-wedding-was-so-special/
"Everyone is Welcoming and Friendly",https://lodgeatflyinghorse.com/testimonial/everyone-is-welcoming-and-friendly/
"You Have Won Me As A Customer",https://lodgeatflyinghorse.com/testimonial/you-have-won-me-as-a-customer/
"Leave Review",https://lodgeatflyinghorse.com/testimonials/leave-review/
"Successful Event and Amazing Experience",https://lodgeatflyinghorse.com/testimonial/successful-event-and-amazing-experience/
"What A Beautiful Property and Setting",https://lodgeatflyinghorse.com/testimonial/what-a-beautiful-property-and-setting/
"Beautiful Resort, Clubhouse and Spa",https://lodgeatflyinghorse.com/testimonial/beautiful-resort-clubhouse-and-spa/
"Class All The Way",https://lodgeatflyinghorse.com/testimonial/class-all-the-way/
"Excellent Experience!",https://lodgeatflyinghorse.com/testimonial/excellent-experience/
"They Make Every Visit Memorable",https://lodgeatflyinghorse.com/testimonial/they-make-every-visit-memorable/
"Everyone Should Get To Experience This Kind Of Customer Service",https://lodgeatflyinghorse.com/testimonial/everyone-should-get-to-experience-this-kind-of-customer-service/
"Strongly Recommend To Anyone",https://lodgeatflyinghorse.com/testimonial/strongly-recommend-to-anyone/
"Beautiful Resort and Views",https://lodgeatflyinghorse.com/testimonial/beautiful-resort-and-views/
"Peaceful, Spacious, Luxurious",https://lodgeatflyinghorse.com/testimonial/peaceful-spacious-luxurious/
"The Next Time We Have A Big Event, I Would Definitely Reserve A Block Of Rooms With The Lodge Again!",https://lodgeatflyinghorse.com/testimonial/the-next-time-we-have-a-big-event-i-would-definitely-reserve-a-block-of-rooms-with-the-lodge-again/
"We Had A Magical Time",https://lodgeatflyinghorse.com/testimonial/we-had-a-magical-time/
"Super Impressed",https://lodgeatflyinghorse.com/testimonial/super-impressed/
"Perfect Escape",https://lodgeatflyinghorse.com/testimonial/perfect-escape/
"My Kind of Place",https://lodgeatflyinghorse.com/testimonial/my-kind-of-place/
"I Recommend It To Anyone Looking For A Truly Unique Experience!",https://lodgeatflyinghorse.com/testimonial/i-recommend-it-to-anyone-looking-for-a-truly-unique-experience/
"We Do Our Quarterly Business Meeting Here And Always Look Forward To It",https://lodgeatflyinghorse.com/testimonial/we-do-our-quarterly-business-meeting-here-and-always-look-forward-to-it/
"Super Impressed",https://lodgeatflyinghorse.com/testimonial/super-impressed-2/
"It Was Amazing",https://lodgeatflyinghorse.com/testimonial/it-was-amazing/
"Top Drawer Experience",https://lodgeatflyinghorse.com/testimonial/top-drawer-experience/
"Going Back Soon!",https://lodgeatflyinghorse.com/testimonial/going-back-soon/
"Plenty Of Peace And Quiet",https://lodgeatflyinghorse.com/testimonial/plenty-of-peace-and-quiet/
"Beautiful Wedding Weekend",https://lodgeatflyinghorse.com/testimonial/beautiful-wedding-weekend/
"Meetings & Conferences",https://lodgeatflyinghorse.com/meetings-conferences/
"Lodge Expansion",https://lodgeatflyinghorse.com/lodge-expansion/
Issues,https://lodgeatflyinghorse.com/issues/
"Top Reasons to Visit The Lodge at Flying Horse #1",https://lodgeatflyinghorse.com/2022/04/27/top-reasons-to-visit-colorado-springs-in-the-spring-and-summer/
"Top Reasons to Visit The Lodge at Flying Horse #2",https://lodgeatflyinghorse.com/2022/04/26/top-reasons-to-visit-colorado-springs-in-the-spring-and-summer-2/
"Top Reasons to Visit The Lodge at Flying Horse #3",https://lodgeatflyinghorse.com/2022/04/25/top-reasons-to-visit-colorado-springs-in-the-spring-and-summer-3/
"Top Reasons to Visit The Lodge at Flying Horse #4",https://lodgeatflyinghorse.com/2022/04/24/top-reasons-to-visit-the-lodge-at-flying-horse/
"Top Reasons to Visit The Lodge at Flying Horse #5",https://lodgeatflyinghorse.com/2022/04/23/top-reasons-to-visit-the-lodge-at-flying-horse-5/
"Top Reasons to Visit The Lodge at Flying Horse #6",https://lodgeatflyinghorse.com/2022/04/22/top-reasons-to-visit-the-lodge-at-flying-horse-6/
"Top Reasons to Visit The Lodge at Flying Horse #8",https://lodgeatflyinghorse.com/2022/04/20/top-reasons-to-visit-the-lodge-at-flying-horse-8/
"Top Reasons to Visit The Lodge at Flying Horse #7",https://lodgeatflyinghorse.com/2022/04/21/top-reasons-to-visit-the-lodge-at-flying-horse-7/
"Top Reasons to Visit The Lodge at Flying Horse #9",https://lodgeatflyinghorse.com/2022/04/19/top-reasons-to-visit-the-lodge-at-flying-horse-9/
"Top Reasons to Visit The Lodge at Flying Horse #10",https://lodgeatflyinghorse.com/2022/04/18/top-reasons-to-visit-the-lodge-at-flying-horse-10/
Athletics,https://lodgeatflyinghorse.com/athletics/
"General Information",https://lodgeatflyinghorse.com/general-information/
"Dining Options",https://lodgeatflyinghorse.com/dining-options/
Golf,https://lodgeatflyinghorse.com/golf/
"Area Attractions",https://lodgeatflyinghorse.com/area-attractions/
"The Spa",https://lodgeatflyinghorse.com/the-spa/
"Safety and Security",https://lodgeatflyinghorse.com/safety-and-security/
"Guest Guide",https://lodgeatflyinghorse.com/guest-guide/
"Great Lodge",https://lodgeatflyinghorse.com/testimonial/great-lodge/
"In-Room Dining Menus",https://lodgeatflyinghorse.com/in-room-dining-menus/
"Amazing Stay!",https://lodgeatflyinghorse.com/testimonial/amazing-stay/
"Top Notch!",https://lodgeatflyinghorse.com/testimonial/top-notch/
"Fortezza Dining Room",https://lodgeatflyinghorse.com/fortezza-dining-room/
"Flying Horse’s New Lodge is Fantastic",https://lodgeatflyinghorse.com/testimonial/flying-horses-new-lodge-is-fantastic/
"Beautiful Lodge",https://lodgeatflyinghorse.com/testimonial/beautiful-lodge/
"Hidden Gem",https://lodgeatflyinghorse.com/testimonial/hidden-gem/
"Breathtaking Views",https://lodgeatflyinghorse.com/testimonial/breathtaking-views/
"Wish We Could Stay Longer",https://lodgeatflyinghorse.com/testimonial/wish-we-could-stay-longer/
"Group Activities",https://lodgeatflyinghorse.com/group-activities/
"Dog Reservations",https://lodgeatflyinghorse.com/2024/05/23/dogreservations/
